[
  {
    "region": "GRAN MENDOZA",
    "departamento": "Ciudad",
    "escuela": "4111 – ING. PABLO NOGUÉS",
    "orientacion": "Construcciones Edilicias",
    "resultados_multiples": null,
    "resultado": {
      "ies": "9030 DEL BICENTENARIO",
      "direccion": "Punta Mogotes 791, M5501 Godoy Cruz",
      "web": "https://institutodelbicentenario-infd.mendoza.edu.ar/sitio/",
      "tecnicatura": "TEC SUP EN CONSTRUCCIONES LIVIANAS INDUSTRIALIZADAS"
    }
  },
  {
    "region": "GRAN MENDOZA",
    "departamento": "Ciudad",
    "escuela": "4111 – ING. PABLO NOGUÉS",
    "orientacion": "Electricidad",
    "resultados_multiples": null,
    "resultado": {
      "ies": "9019 INSUTEC",
      "direccion": "San Juan 421, M5500 Mendoza",
      "web": "https://www.insutec.edu.ar/",
      "tecnicatura": "TEC SUP EN ENERGIAS RENOVABLES"
    }
  },
  {
    "region": "GRAN MENDOZA",
    "departamento": "Ciudad",
    "escuela": "4111 – ING. PABLO NOGUÉS",
    "orientacion": "Electromecánica",
    "resultados_multiples": null,
    "resultado": {
      "ies": "9019 INSUTEC",
      "direccion": "San Juan 421, M5500 Mendoza",
      "web": "https://www.insutec.edu.ar/",
      "tecnicatura": "TEC SUP EN ENERGIAS RENOVABLES"
    }
  },
  {
    "region": "GRAN MENDOZA",
    "departamento": "Ciudad",
    "escuela": "4111 – ING. PABLO NOGUÉS",
    "orientacion": "Electromecánica",
    "resultados_multiples": null,
    "resultado": {
      "ies": "9019 INSUTEC",
      "direccion": "San Juan 421, M5500 Mendoza",
      "web": "https://www.insutec.edu.ar/",
      "tecnicatura": "TEC SUP EN METALMECÁNICA"
    }
  },
  {
    "region": "GRAN MENDOZA",
    "departamento": "Ciudad",
    "escuela": "4111 – ING. PABLO NOGUÉS",
    "orientacion": "Electromecánica",
    "resultados_multiples": null,
    "resultado": {
      "ies": "9023 CESIT",
      "direccion": "Dionisio Herrero 303, M5515 Maipú",
      "web": "https://ies9023-infd.mendoza.edu.ar/sitio/",
      "tecnicatura": "TEC SUP EN MECATRÓNICA"
    }
  },
  {
    "region": "GRAN MENDOZA",
    "departamento": "Ciudad",
    "escuela": "4111 – ING. PABLO NOGUÉS",
    "orientacion": "Electromecánica",
    "resultados_multiples": null,
    "resultado": {
      "ies": "PT113 EDISON",
      "direccion": "Gestión Privada - cuota mensual",
      "web": "https://superior.fundacionedison.org.ar/",
      "tecnicatura": "TEC SUP EN ROBÓTICA"
    }
  },
  {
    "region": "GRAN MENDOZA",
    "departamento": "Ciudad",
    "escuela": "4077 – ARQ. MANUEL VÍCTOR CIVIT",
    "orientacion": "Construcciones Edilicias",
    "resultados_multiples": null,
    "resultado": {
      "ies": "9030 DEL BICENTENARIO",
      "direccion": "Punta Mogotes 791, M5501 Godoy Cruz",
      "web": "https://institutodelbicentenario-infd.mendoza.edu.ar/sitio/",
      "tecnicatura": "TEC SUP EN CONSTRUCCIONES LIVIANAS INDUSTRIALIZADAS"
    }
  },
  {
    "region": "GRAN MENDOZA",
    "departamento": "Ciudad",
    "escuela": "4002 – FRAY LUIS BELTRÁN",
    "orientacion": "Químico",
    "resultados_multiples": null,
    "resultado": {
      "ies": "9019 INSUTEC",
      "direccion": "San Juan 421, M5500 Mendoza",
      "web": "https://www.insutec.edu.ar/",
      "tecnicatura": "TEC SUP EN MINERÍA"
    }
  },
  {
    "region": "GRAN MENDOZA",
    "departamento": "Ciudad",
    "escuela": "4132 – QUÍMICOS ARGENTINOS",
    "orientacion": "Industrias de Procesos",
    "resultados_multiples": null,
    "resultado": {
      "ies": "9019 INSUTEC",
      "direccion": "San Juan 421, M5500 Mendoza",
      "web": "https://www.insutec.edu.ar/",
      "tecnicatura": "TEC SUP EN PETRÓLEO Y GAS"
    }
  },
  {
    "region": "GRAN MENDOZA",
    "departamento": "Ciudad",
    "escuela": "4013 – DR. BERNARDO A. HOUSSAY",
    "orientacion": "Farmacia y Laboratorio",
    "resultados_multiples": null,
    "resultado": {
      "ies": "9026 PATRIA GRANDE",
      "direccion": "Almte. Brown, M5539 Las Heras",
      "web": "https://ies9026-infd.mendoza.edu.ar/sitio/",
      "tecnicatura": "TEC SUP EN LABORATORIO DE ANÁLISIS CLÍNICOS"
    }
  },
  {
    "region": "GRAN MENDOZA",
    "departamento": "Ciudad",
    "escuela": "P-130 Inmaculado Corazon de Maria",
    "orientacion": "Construcciones Edilicias",
    "resultados_multiples": null,
    "resultado": {
      "ies": "9030 DEL BICENTENARIO",
      "direccion": "Punta Mogotes 791, M5501 Godoy Cruz",
      "web": "https://institutodelbicentenario-infd.mendoza.edu.ar/sitio/",
      "tecnicatura": "TEC SUP EN CONSTRUCCIONES LIVIANAS INDUSTRIALIZADAS"
    }
  },
  {
    "region": "GRAN MENDOZA",
    "departamento": "Godoy Cruz",
    "escuela": "4020 – ING. GABRIEL DEL MAZO",
    "orientacion": "Automotriz",
    "resultados_multiples": null,
    "resultado": {
      "ies": "9019 INSUTEC",
      "direccion": "San Juan 421, M5500 Mendoza",
      "web": "https://www.insutec.edu.ar/",
      "tecnicatura": "TEC SUP EN METALMECÁNICA"
    }
  },
  {
    "region": "GRAN MENDOZA",
    "departamento": "Godoy Cruz",
    "escuela": "4020 – ING. GABRIEL DEL MAZO",
    "orientacion": "Electrónica",
    "resultados_multiples": null,
    "resultado": {
      "ies": "9023 CESIT",
      "direccion": "Dionisio Herrero 303, M5515 Maipú",
      "web": "https://ies9023-infd.mendoza.edu.ar/sitio/",
      "tecnicatura": "TEC SUP EN MECATRÓNICA"
    }
  },
  {
    "region": "GRAN MENDOZA",
    "departamento": "Godoy Cruz",
    "escuela": "4020 – ING. GABRIEL DEL MAZO",
    "orientacion": "Electrónica",
    "resultados_multiples": null,
    "resultado": {
      "ies": "9008 MANUEL BELGRANO",
      "direccion": "Roque Sáenz Peña 1271, M5501 Godoy Cruz",
      "web": "https://www.iesmb.edu.ar/bel/",
      "tecnicatura": "TEC SUP EN REDES Y CIBERSEGURIDAD"
    }
  },
  {
    "region": "GRAN MENDOZA",
    "departamento": "Godoy Cruz",
    "escuela": "4020 – ING. GABRIEL DEL MAZO",
    "orientacion": "Electrónica",
    "resultados_multiples": null,
    "resultado": {
      "ies": "PT113 EDISON",
      "direccion": "Gestión Privada - cuota mensual",
      "web": "https://superior.fundacionedison.org.ar/",
      "tecnicatura": "TEC SUP EN ROBÓTICA"
    }
  },
  {
    "region": "GRAN MENDOZA",
    "departamento": "Godoy Cruz",
    "escuela": "4030 – PROF. ÁNGEL CERVERA",
    "orientacion": "Construcciones Edilicias",
    "resultados_multiples": null,
    "resultado": {
      "ies": "9030 DEL BICENTENARIO",
      "direccion": "Punta Mogotes 791, M5501 Godoy Cruz",
      "web": "https://institutodelbicentenario-infd.mendoza.edu.ar/sitio/",
      "tecnicatura": "TEC SUP EN CONSTRUCCIONES LIVIANAS INDUSTRIALIZADAS"
    }
  },
  {
    "region": "GRAN MENDOZA",
    "departamento": "Godoy Cruz",
    "escuela": "4036 – RAÚL SCALABRINI ORTIZ",
    "orientacion": "Alimentos (ETP)",
    "resultados_multiples": null,
    "resultado": {
      "ies": "9023 CESIT",
      "direccion": "Dionisio Herrero 303, M5515 Maipú",
      "web": "https://ies9023-infd.mendoza.edu.ar/sitio/",
      "tecnicatura": "TEC SUP EN ENOLOGÍA E INDUSTRIAS DE LOS ALIMENTOS"
    }
  },
  {
    "region": "GRAN MENDOZA",
    "departamento": "Godoy Cruz",
    "escuela": "4109 – ING. ÁLVAREZ CONDARCO",
    "orientacion": "Construcciones Edilicias",
    "resultados_multiples": null,
    "resultado": {
      "ies": "9030 DEL BICENTENARIO",
      "direccion": "Punta Mogotes 791, M5501 Godoy Cruz",
      "web": "https://institutodelbicentenario-infd.mendoza.edu.ar/sitio/",
      "tecnicatura": "TEC SUP EN CONSTRUCCIONES LIVIANAS INDUSTRIALIZADAS"
    }
  },
  {
    "region": "GRAN MENDOZA",
    "departamento": "Godoy Cruz",
    "escuela": "4109 – ING. ÁLVAREZ CONDARCO",
    "orientacion": "Electromecánica",
    "resultados_multiples": null,
    "resultado": {
      "ies": "9019 INSUTEC",
      "direccion": "San Juan 421, M5500 Mendoza",
      "web": "https://www.insutec.edu.ar/",
      "tecnicatura": "TEC SUP EN METALMECÁNICA"
    }
  },
  {
    "region": "GRAN MENDOZA",
    "departamento": "Godoy Cruz",
    "escuela": "4109 – ING. ÁLVAREZ CONDARCO",
    "orientacion": "Electromecánica",
    "resultados_multiples": null,
    "resultado": {
      "ies": "9019 INSUTEC",
      "direccion": "San Juan 421, M5500 Mendoza",
      "web": "https://www.insutec.edu.ar/",
      "tecnicatura": "TEC SUP EN ENERGIAS RENOVABLES"
    }
  },
  {
    "region": "GRAN MENDOZA",
    "departamento": "Godoy Cruz",
    "escuela": "4109 – ING. ÁLVAREZ CONDARCO",
    "orientacion": "Electromecánica",
    "resultados_multiples": null,
    "resultado": {
      "ies": "PT113 EDISON",
      "direccion": "Gestión Privada - cuota mensual",
      "web": "https://superior.fundacionedison.org.ar/",
      "tecnicatura": "TEC SUP EN ROBÓTICA"
    }
  },
  {
    "region": "GRAN MENDOZA",
    "departamento": "Godoy Cruz",
    "escuela": "4109 – ING. ÁLVAREZ CONDARCO",
    "orientacion": "Mecánica",
    "resultados_multiples": null,
    "resultado": {
      "ies": "9023 CESIT",
      "direccion": "Dionisio Herrero 303, M5515 Maipú",
      "web": "https://ies9023-infd.mendoza.edu.ar/sitio/",
      "tecnicatura": "TEC SUP EN MECATRÓNICA"
    }
  },
  {
    "region": "GRAN MENDOZA",
    "departamento": "Guaymallén",
    "escuela": "4007 - MIGUEL AMADO POUGET",
    "orientacion": "Agropecuaria - Enología",
    "resultados_multiples": null,
    "resultado": {
      "ies": "9013 ISTEEC",
      "direccion": "Av. Belgrano 502-578, M5501 Ciudad",
      "web": "https://isteec.edu.ar/",
      "tecnicatura": "TEC SUP EN ENOLOGÍA E INDUSTRIAS DE LOS ALIMENTOS"
    }
  },
  {
    "region": "GRAN MENDOZA",
    "departamento": "Guaymallén",
    "escuela": "4007 - MIGUEL AMADO POUGET",
    "orientacion": "Agropecuaria - Enología",
    "resultados_multiples": null,
    "resultado": {
      "ies": "9023 CESIT",
      "direccion": "Dionisio Herrero 303, M5515 Maipú",
      "web": "https://ies9023-infd.mendoza.edu.ar/sitio/",
      "tecnicatura": "TEC SUP EN ENOLOGÍA E INDUSTRIAS DE LOS ALIMENTOS"
    }
  },
  {
    "region": "GRAN MENDOZA",
    "departamento": "Guaymallén",
    "escuela": "4025 – LOS CORRALITOS",
    "orientacion": "Agropecuaria - Enología",
    "resultados_multiples": null,
    "resultado": {
      "ies": "9013 ISTEEC",
      "direccion": "Av. Belgrano 502-578, M5501 Ciudad",
      "web": "https://isteec.edu.ar/",
      "tecnicatura": "TEC SUP EN ENOLOGÍA E INDUSTRIAS DE LOS ALIMENTOS"
    }
  },
  {
    "region": "GRAN MENDOZA",
    "departamento": "Guaymallén",
    "escuela": "4025 – LOS CORRALITOS",
    "orientacion": "Agropecuaria - Enología",
    "resultados_multiples": null,
    "resultado": {
      "ies": "9023 CESIT",
      "direccion": "Dionisio Herrero 303, M5515 Maipú",
      "web": "https://ies9023-infd.mendoza.edu.ar/sitio/",
      "tecnicatura": "TEC SUP EN ENOLOGÍA E INDUSTRIAS DE LOS ALIMENTOS"
    }
  },
  {
    "region": "GRAN MENDOZA",
    "departamento": "Guaymallén",
    "escuela": "4121 – TÉCNICOS MENDOCINOS",
    "orientacion": "Construcciones Edilicias",
    "resultados_multiples": null,
    "resultado": {
      "ies": "9030 DEL BICENTENARIO",
      "direccion": "Punta Mogotes 791, M5501 Godoy Cruz",
      "web": "https://institutodelbicentenario-infd.mendoza.edu.ar/sitio/",
      "tecnicatura": "TEC SUP EN CONSTRUCCIONES LIVIANAS INDUSTRIALIZADAS"
    }
  },
  {
    "region": "GRAN MENDOZA",
    "departamento": "Guaymallén",
    "escuela": "4121 – TÉCNICOS MENDOCINOS",
    "orientacion": "Electromecánica",
    "resultados_multiples": null,
    "resultado": {
      "ies": "9019 INSUTEC",
      "direccion": "San Juan 421, M5500 Mendoza",
      "web": "https://www.insutec.edu.ar/",
      "tecnicatura": "TEC SUP EN ENERGIAS RENOVABLES"
    }
  },
  {
    "region": "GRAN MENDOZA",
    "departamento": "Guaymallén",
    "escuela": "4121 – TÉCNICOS MENDOCINOS",
    "orientacion": "Electromecánica",
    "resultados_multiples": null,
    "resultado": {
      "ies": "9019 INSUTEC",
      "direccion": "San Juan 421, M5500 Mendoza",
      "web": "https://www.insutec.edu.ar/",
      "tecnicatura": "TEC SUP EN METALMECÁNICA"
    }
  },
  {
    "region": "GRAN MENDOZA",
    "departamento": "Guaymallén",
    "escuela": "4121 – TÉCNICOS MENDOCINOS",
    "orientacion": "Electromecánica",
    "resultados_multiples": null,
    "resultado": {
      "ies": "9023 CESIT",
      "direccion": "Dionisio Herrero 303, M5515 Maipú",
      "web": "https://ies9023-infd.mendoza.edu.ar/sitio/",
      "tecnicatura": "TEC SUP EN MECATRÓNICA"
    }
  },
  {
    "region": "GRAN MENDOZA",
    "departamento": "Guaymallén",
    "escuela": "4121 – TÉCNICOS MENDOCINOS",
    "orientacion": "Electromecánica",
    "resultados_multiples": null,
    "resultado": {
      "ies": "PT113 EDISON",
      "direccion": "Gestión Privada - cuota mensual",
      "web": "https://superior.fundacionedison.org.ar/",
      "tecnicatura": "TEC SUP EN ROBÓTICA"
    }
  },
  {
    "region": "GRAN MENDOZA",
    "departamento": "Guaymallén",
    "escuela": "4118 – SAN JOSÉ",
    "orientacion": "Construcciones Edilicias",
    "resultados_multiples": null,
    "resultado": {
      "ies": "9030 DEL BICENTENARIO",
      "direccion": "Punta Mogotes 791, M5501 Godoy Cruz",
      "web": "https://institutodelbicentenario-infd.mendoza.edu.ar/sitio/",
      "tecnicatura": "TEC SUP EN CONSTRUCCIONES LIVIANAS INDUSTRIALIZADAS"
    }
  },
  {
    "region": "GRAN MENDOZA",
    "departamento": "Guaymallén",
    "escuela": "4118 – SAN JOSÉ",
    "orientacion": "Electricidad",
    "resultados_multiples": null,
    "resultado": {
      "ies": "9019 INSUTEC",
      "direccion": "San Juan 421, M5500 Mendoza",
      "web": "https://www.insutec.edu.ar/",
      "tecnicatura": "TEC SUP EN ENERGIAS RENOVABLES"
    }
  },
  {
    "region": "GRAN MENDOZA",
    "departamento": "Guaymallén",
    "escuela": "4118 – SAN JOSÉ",
    "orientacion": "Mecánica",
    "resultados_multiples": null,
    "resultado": {
      "ies": "9023 CESIT",
      "direccion": "Dionisio Herrero 303, M5515 Maipú",
      "web": "https://ies9023-infd.mendoza.edu.ar/sitio/",
      "tecnicatura": "TEC SUP EN MECATRÓNICA"
    }
  },
  {
    "region": "GRAN MENDOZA",
    "departamento": "Guaymallén",
    "escuela": "4118 – SAN JOSÉ",
    "orientacion": "Mecánica",
    "resultados_multiples": null,
    "resultado": {
      "ies": "PT113 EDISON",
      "direccion": "Gestión Privada - cuota mensual",
      "web": "https://superior.fundacionedison.org.ar/",
      "tecnicatura": "TEC SUP EN ROBÓTICA"
    }
  },
  {
    "region": "GRAN MENDOZA",
    "departamento": "Las Heras",
    "escuela": "4011 - CAPITÁN DANIEL F. MANZOTTI",
    "orientacion": "Electricidad",
    "resultados_multiples": null,
    "resultado": {
      "ies": "9019 INSUTEC",
      "direccion": "San Juan 421, M5500 Mendoza",
      "web": "https://www.insutec.edu.ar/",
      "tecnicatura": "TEC SUP EN ENERGIAS RENOVABLES"
    }
  },
  {
    "region": "GRAN MENDOZA",
    "departamento": "Las Heras",
    "escuela": "4011 - CAPITÁN DANIEL F. MANZOTTI",
    "orientacion": "Electrónica",
    "resultados_multiples": null,
    "resultado": {
      "ies": "9023 CESIT",
      "direccion": "Dionisio Herrero 303, M5515 Maipú",
      "web": "https://ies9023-infd.mendoza.edu.ar/sitio/",
      "tecnicatura": "TEC SUP EN MECATRÓNICA"
    }
  },
  {
    "region": "GRAN MENDOZA",
    "departamento": "Las Heras",
    "escuela": "4011 - CAPITÁN DANIEL F. MANZOTTI",
    "orientacion": "Electrónica",
    "resultados_multiples": null,
    "resultado": {
      "ies": "9008 MANUEL BELGRANO",
      "direccion": "Roque Sáenz Peña 1271, M5501 Godoy Cruz",
      "web": "https://www.iesmb.edu.ar/bel/",
      "tecnicatura": "TEC SUP EN REDES Y CIBERSEGURIDAD"
    }
  },
  {
    "region": "GRAN MENDOZA",
    "departamento": "Las Heras",
    "escuela": "4011 - CAPITÁN DANIEL F. MANZOTTI",
    "orientacion": "Electrónica",
    "resultados_multiples": null,
    "resultado": {
      "ies": "PT113 EDISON",
      "direccion": "Gestión Privada - cuota mensual",
      "web": "https://superior.fundacionedison.org.ar/",
      "tecnicatura": "TEC SUP EN ROBÓTICA"
    }
  },
  {
    "region": "GRAN MENDOZA",
    "departamento": "Las Heras",
    "escuela": "4019 – CAP. JOSÉ D. VÁZQUEZ",
    "orientacion": "Químico",
    "resultados_multiples": null,
    "resultado": {
      "ies": "9019 INSUTEC",
      "direccion": "San Juan 421, M5500 Mendoza",
      "web": "https://www.insutec.edu.ar/",
      "tecnicatura": "TEC SUP EN MINERÍA"
    }
  },
  {
    "region": "GRAN MENDOZA",
    "departamento": "Las Heras",
    "escuela": "4029 – GRAL. JOSÉ DE SAN MARTÍN",
    "orientacion": "Construcciones Edilicias",
    "resultados_multiples": null,
    "resultado": {
      "ies": "9030 DEL BICENTENARIO",
      "direccion": "Punta Mogotes 791, M5501 Godoy Cruz",
      "web": "https://institutodelbicentenario-infd.mendoza.edu.ar/sitio/",
      "tecnicatura": "TEC SUP EN CONSTRUCCIONES LIVIANAS INDUSTRIALIZADAS"
    }
  },
  {
    "region": "GRAN MENDOZA",
    "departamento": "Las Heras",
    "escuela": "4037 – HOMERO MANZI",
    "orientacion": "Químico",
    "resultados_multiples": null,
    "resultado": {
      "ies": "9019 INSUTEC",
      "direccion": "San Juan 421, M5500 Mendoza",
      "web": "https://www.insutec.edu.ar/",
      "tecnicatura": "TEC SUP EN MINERÍA"
    }
  },
  {
    "region": "GRAN MENDOZA",
    "departamento": "Las Heras",
    "escuela": "4112 – PROF. ANTONIO DOUGLAS GURGUI",
    "orientacion": "Electromecánica",
    "resultados_multiples": null,
    "resultado": {
      "ies": "9019 INSUTEC",
      "direccion": "San Juan 421, M5500 Mendoza",
      "web": "https://www.insutec.edu.ar/",
      "tecnicatura": "TEC SUP EN ENERGIAS RENOVABLES"
    }
  },
  {
    "region": "GRAN MENDOZA",
    "departamento": "Las Heras",
    "escuela": "4112 – PROF. ANTONIO DOUGLAS GURGUI",
    "orientacion": "Electromecánica",
    "resultados_multiples": null,
    "resultado": {
      "ies": "9019 INSUTEC",
      "direccion": "San Juan 421, M5500 Mendoza",
      "web": "https://www.insutec.edu.ar/",
      "tecnicatura": "TEC SUP EN METALMECÁNICA"
    }
  },
  {
    "region": "GRAN MENDOZA",
    "departamento": "Las Heras",
    "escuela": "4112 – PROF. ANTONIO DOUGLAS GURGUI",
    "orientacion": "Electromecánica",
    "resultados_multiples": null,
    "resultado": {
      "ies": "9023 CESIT",
      "direccion": "Dionisio Herrero 303, M5515 Maipú",
      "web": "https://ies9023-infd.mendoza.edu.ar/sitio/",
      "tecnicatura": "TEC SUP EN MECATRÓNICA"
    }
  },
  {
    "region": "GRAN MENDOZA",
    "departamento": "Las Heras",
    "escuela": "4112 – PROF. ANTONIO DOUGLAS GURGUI",
    "orientacion": "Electromecánica",
    "resultados_multiples": null,
    "resultado": {
      "ies": "PT113 EDISON",
      "direccion": "Gestión Privada - cuota mensual",
      "web": "https://superior.fundacionedison.org.ar/",
      "tecnicatura": "TEC SUP EN ROBÓTICA"
    }
  },
  {
    "region": "GRAN MENDOZA",
    "departamento": "Las Heras",
    "escuela": "4112 – PROF. ANTONIO DOUGLAS GURGUI",
    "orientacion": "Hidráulico ",
    "resultados_multiples": null,
    "resultado": {
      "ies": "9015 IESVU",
      "direccion": "Gestión Pública - A DISTANCIA",
      "web": "https://iesvu.edu.ar/",
      "tecnicatura": "TEC SUP EN GESTIÓN INTEGRAL DE RECURSOS HÍDRICOS"
    }
  },
  {
    "region": "GRAN MENDOZA",
    "departamento": "Maipú",
    "escuela": "4003 – EMILIO CIVIT",
    "orientacion": "Electricidad",
    "resultados_multiples": null,
    "resultado": {
      "ies": "9019 INSUTEC",
      "direccion": "San Juan 421, M5500 Mendoza",
      "web": "https://www.insutec.edu.ar/",
      "tecnicatura": "TEC SUP EN ENERGIAS RENOVABLES"
    }
  },
  {
    "region": "GRAN MENDOZA",
    "departamento": "Maipú",
    "escuela": "4003 – EMILIO CIVIT",
    "orientacion": "Electricidad",
    "resultados_multiples": null,
    "resultado": {
      "ies": "9023 CESIT",
      "direccion": "Dionisio Herrero 303, M5515 Maipú",
      "web": "https://ies9023-infd.mendoza.edu.ar/sitio/",
      "tecnicatura": "TEC SUP EN MECATRÓNICA"
    }
  },
  {
    "region": "GRAN MENDOZA",
    "departamento": "Maipú",
    "escuela": "4003 – EMILIO CIVIT",
    "orientacion": "Industrias de Procesos y Petróleo",
    "resultados_multiples": null,
    "resultado": {
      "ies": "9019 INSUTEC",
      "direccion": "Sede Mendoza y Sede Rivadavia",
      "web": "https://www.insutec.edu.ar/",
      "tecnicatura": "TEC SUP EN PETRÓLEO Y GAS"
    }
  },
  {
    "region": "GRAN MENDOZA",
    "departamento": "Maipú",
    "escuela": "4003 – EMILIO CIVIT",
    "orientacion": "Mecánica",
    "resultados_multiples": null,
    "resultado": {
      "ies": "9023 CESIT",
      "direccion": "Dionisio Herrero 303, M5515 Maipú",
      "web": "https://ies9023-infd.mendoza.edu.ar/sitio/",
      "tecnicatura": "TEC SUP EN MECATRÓNICA"
    }
  },
  {
    "region": "GRAN MENDOZA",
    "departamento": "Maipú",
    "escuela": "4003 – EMILIO CIVIT",
    "orientacion": "Mecánica",
    "resultados_multiples": null,
    "resultado": {
      "ies": "PT113 EDISON",
      "direccion": "Gestión Privada - cuota mensual",
      "web": "https://superior.fundacionedison.org.ar/",
      "tecnicatura": "TEC SUP EN ROBÓTICA"
    }
  },
  {
    "region": "GRAN MENDOZA",
    "departamento": "Maipú",
    "escuela": "4039 – CRUZ DE PIEDRA",
    "orientacion": "Madera y Mueble",
    "resultados_multiples": null,
    "resultado": {
      "ies": "9023 CESIT",
      "direccion": "Dionisio Herrero 303, M5515 Maipú",
      "web": "https://ies9023-infd.mendoza.edu.ar/sitio/",
      "tecnicatura": "TEC SUP EN CONSTRUCCIONES LIVIANAS INDUSTRIALIZADAS"
    }
  },
  {
    "region": "GRAN MENDOZA",
    "departamento": "Maipú",
    "escuela": "4053 – DR. HORACIO ROMÁN MARTÍNEZ LEÁNEZ",
    "orientacion": "Electrónica",
    "resultados_multiples": null,
    "resultado": {
      "ies": "9023 CESIT",
      "direccion": "Dionisio Herrero 303, M5515 Maipú",
      "web": "https://ies9023-infd.mendoza.edu.ar/sitio/",
      "tecnicatura": "TEC SUP EN MECATRÓNICA"
    }
  },
  {
    "region": "GRAN MENDOZA",
    "departamento": "Maipú",
    "escuela": "4053 – DR. HORACIO ROMÁN MARTÍNEZ LEÁNEZ",
    "orientacion": "Electrónica",
    "resultados_multiples": null,
    "resultado": {
      "ies": "PT113 EDISON",
      "direccion": "Gestión Privada - cuota mensual",
      "web": "https://superior.fundacionedison.org.ar/",
      "tecnicatura": "TEC SUP EN ROBÓTICA"
    }
  },
  {
    "region": "GRAN MENDOZA",
    "departamento": "Maipú",
    "escuela": "4062 - PROF. JUANA B. ALBORNOZ DE CORTÉS",
    "orientacion": "Industrias de Procesos",
    "resultados_multiples": null,
    "resultado": {
      "ies": "9019 INSUTEC",
      "direccion": "San Juan 421, M5500 Mendoza",
      "web": "https://www.insutec.edu.ar/",
      "tecnicatura": "TEC SUP EN PETRÓLEO Y GAS"
    }
  },
  {
    "region": "GRAN MENDOZA",
    "departamento": "Maipú",
    "escuela": "4108 – ING. GUILLERMO VILLANUEVA",
    "orientacion": "Electromecánica",
    "resultados_multiples": null,
    "resultado": {
      "ies": "9019 INSUTEC",
      "direccion": "San Juan 421, M5500 Mendoza",
      "web": "https://www.insutec.edu.ar/",
      "tecnicatura": "TEC SUP EN ENERGIAS RENOVABLES"
    }
  },
  {
    "region": "GRAN MENDOZA",
    "departamento": "Maipú",
    "escuela": "4108 – ING. GUILLERMO VILLANUEVA",
    "orientacion": "Electromecánica",
    "resultados_multiples": null,
    "resultado": {
      "ies": "9019 INSUTEC",
      "direccion": "San Juan 421, M5500 Mendoza",
      "web": "https://www.insutec.edu.ar/",
      "tecnicatura": "TEC SUP EN METALMECÁNICA"
    }
  },
  {
    "region": "GRAN MENDOZA",
    "departamento": "Maipú",
    "escuela": "4108 – ING. GUILLERMO VILLANUEVA",
    "orientacion": "Electromecánica",
    "resultados_multiples": null,
    "resultado": {
      "ies": "9023 CESIT",
      "direccion": "Dionisio Herrero 303, M5515 Maipú",
      "web": "https://ies9023-infd.mendoza.edu.ar/sitio/",
      "tecnicatura": "TEC SUP EN MECATRÓNICA"
    }
  },
  {
    "region": "GRAN MENDOZA",
    "departamento": "Maipú",
    "escuela": "4108 – ING. GUILLERMO VILLANUEVA",
    "orientacion": "Electromecánica",
    "resultados_multiples": null,
    "resultado": {
      "ies": "PT113 EDISON",
      "direccion": "Gestión Privada - cuota mensual",
      "web": "https://superior.fundacionedison.org.ar/",
      "tecnicatura": "TEC SUP EN ROBÓTICA"
    }
  },
  {
    "region": "GRAN MENDOZA",
    "departamento": "Maipú",
    "escuela": "4108 – ING. GUILLERMO VILLANUEVA",
    "orientacion": "Electrónica",
    "resultados_multiples": null,
    "resultado": {
      "ies": "9023 CESIT",
      "direccion": "Dionisio Herrero 303, M5515 Maipú",
      "web": "https://ies9023-infd.mendoza.edu.ar/sitio/",
      "tecnicatura": "TEC SUP EN MECATRÓNICA"
    }
  },
  {
    "region": "GRAN MENDOZA",
    "departamento": "Maipú",
    "escuela": "4108 – ING. GUILLERMO VILLANUEVA",
    "orientacion": "Electrónica",
    "resultados_multiples": null,
    "resultado": {
      "ies": "PT113 EDISON",
      "direccion": "Gestión Privada - cuota mensual",
      "web": "https://superior.fundacionedison.org.ar/",
      "tecnicatura": "TEC SUP EN ROBÓTICA"
    }
  },
  {
    "region": "GRAN MENDOZA",
    "departamento": "Maipú",
    "escuela": "4166 – FERNANDO LORENZO",
    "orientacion": "Farmacia y Laboratorio",
    "resultados_multiples": null,
    "resultado": {
      "ies": "9026 PATRIA GRANDE",
      "direccion": "Almte. Brown, M5539 Las Heras",
      "web": "https://ies9026-infd.mendoza.edu.ar/sitio/",
      "tecnicatura": "TEC SUP EN LABORATORIO DE ANÁLISIS CLÍNICOS"
    }
  },
  {
    "region": "GRAN MENDOZA",
    "departamento": "Maipú",
    "escuela": "4188 – PADRE SERGIO IACONO",
    "orientacion": "Alimentos (ETP)",
    "resultados_multiples": null,
    "resultado": {
      "ies": "9023 CESIT",
      "direccion": "Dionisio Herrero 303, M5515 Maipú",
      "web": "https://ies9023-infd.mendoza.edu.ar/sitio/",
      "tecnicatura": "TEC SUP EN ENOLOGÍA E INDUSTRIAS DE LOS ALIMENTOS"
    }
  },
  {
    "region": "GRAN MENDOZA",
    "departamento": "Maipú",
    "escuela": "4188 – PADRE SERGIO IACONO",
    "orientacion": "Agropecuaria - Enología",
    "resultados_multiples": null,
    "resultado": {
      "ies": "9013 ISTEEC",
      "direccion": "Av. Belgrano 502-578, M5501 Ciudad",
      "web": "https://isteec.edu.ar/",
      "tecnicatura": "TEC SUP EN ENOLOGÍA E INDUSTRIAS DE LOS ALIMENTOS"
    }
  },
  {
    "region": "GRAN MENDOZA",
    "departamento": "Maipú",
    "escuela": "4255 – ALBERTO VICTORIO ZUCCARDI",
    "orientacion": "Agropecuaria - Enología",
    "resultados_multiples": null,
    "resultado": {
      "ies": "9013 ISTEEC",
      "direccion": "Av. Belgrano 502-578, M5501 Ciudad",
      "web": "https://isteec.edu.ar/",
      "tecnicatura": "TEC SUP EN ENOLOGÍA E INDUSTRIAS DE LOS ALIMENTOS"
    }
  },
  {
    "region": "GRAN MENDOZA",
    "departamento": "Maipú",
    "escuela": "4255 – ALBERTO VICTORIO ZUCCARDI",
    "orientacion": "Agropecuaria - Enología",
    "resultados_multiples": null,
    "resultado": {
      "ies": "9023 CESIT",
      "direccion": "Dionisio Herrero 303, M5515 Maipú",
      "web": "https://ies9023-infd.mendoza.edu.ar/sitio/",
      "tecnicatura": "TEC SUP EN ENOLOGÍA E INDUSTRIAS DE LOS ALIMENTOS"
    }
  },
  {
    "region": "GRAN MENDOZA",
    "departamento": "Luján de Cuyo",
    "escuela": "4022 – GRAL. ENRIQUE MOSCONI",
    "orientacion": "Electricidad",
    "resultados_multiples": null,
    "resultado": {
      "ies": "9019 INSUTEC",
      "direccion": "San Juan 421, M5500 Mendoza",
      "web": "https://www.insutec.edu.ar/",
      "tecnicatura": "TEC SUP EN ENERGIAS RENOVABLES"
    }
  },
  {
    "region": "GRAN MENDOZA",
    "departamento": "Luján de Cuyo",
    "escuela": "4022 – GRAL. ENRIQUE MOSCONI",
    "orientacion": "Electricidad",
    "resultados_multiples": null,
    "resultado": {
      "ies": "9023 CESIT",
      "direccion": "Dionisio Herrero 303, M5515 Maipú",
      "web": "https://ies9023-infd.mendoza.edu.ar/sitio/",
      "tecnicatura": "TEC SUP EN MECATRÓNICA"
    }
  },
  {
    "region": "GRAN MENDOZA",
    "departamento": "Luján de Cuyo",
    "escuela": "4038 – ARTURO JAURETCHE",
    "orientacion": "Agropecuaria - Frutihortícola",
    "resultados_multiples": null,
    "resultado": {
      "ies": "9029 LUJÁN",
      "direccion": "Sede Ugarteche",
      "web": "https://www.ies9029.edu.ar/",
      "tecnicatura": "TEC SUP EN ENOLOGÍA E INDUSTRIAS DE LOS ALIMENTOS"
    }
  },
  {
    "region": "GRAN MENDOZA",
    "departamento": "Luján de Cuyo",
    "escuela": "4046 – ING. JULIO KRAUSE",
    "orientacion": "Industrias de Procesos",
    "resultados_multiples": null,
    "resultado": {
      "ies": "9019 INSUTEC",
      "direccion": "San Juan 421, M5500 Mendoza",
      "web": "https://www.insutec.edu.ar/",
      "tecnicatura": "TEC SUP EN PETRÓLEO Y GAS"
    }
  },
  {
    "region": "GRAN MENDOZA",
    "departamento": "Luján de Cuyo",
    "escuela": "4104 – ING. CARLOS FADER",
    "orientacion": "Construcciones Edilicias",
    "resultados_multiples": null,
    "resultado": {
      "ies": "9030 DEL BICENTENARIO",
      "direccion": "Punta Mogotes 791, M5501 Godoy Cruz",
      "web": "https://institutodelbicentenario-infd.mendoza.edu.ar/sitio/",
      "tecnicatura": "TEC SUP EN CONSTRUCCIONES LIVIANAS INDUSTRIALIZADAS"
    }
  },
  {
    "region": "GRAN MENDOZA",
    "departamento": "Luján de Cuyo",
    "escuela": "4104 – ING. CARLOS FADER",
    "orientacion": "Electromecánica",
    "resultados_multiples": null,
    "resultado": {
      "ies": "9019 INSUTEC",
      "direccion": "San Juan 421, M5500 Mendoza",
      "web": "https://www.insutec.edu.ar/",
      "tecnicatura": "TEC SUP EN ENERGIAS RENOVABLES"
    }
  },
  {
    "region": "GRAN MENDOZA",
    "departamento": "Luján de Cuyo",
    "escuela": "4104 – ING. CARLOS FADER",
    "orientacion": "Electromecánica",
    "resultados_multiples": null,
    "resultado": {
      "ies": "9019 INSUTEC",
      "direccion": "San Juan 421, M5500 Mendoza",
      "web": "https://www.insutec.edu.ar/",
      "tecnicatura": "TEC SUP EN METALMECÁNICA"
    }
  },
  {
    "region": "GRAN MENDOZA",
    "departamento": "Luján de Cuyo",
    "escuela": "4104 – ING. CARLOS FADER",
    "orientacion": "Electromecánica",
    "resultados_multiples": null,
    "resultado": {
      "ies": "9023 CESIT",
      "direccion": "Dionisio Herrero 303, M5515 Maipú",
      "web": "https://ies9023-infd.mendoza.edu.ar/sitio/",
      "tecnicatura": "TEC SUP EN MECATRÓNICA"
    }
  },
  {
    "region": "GRAN MENDOZA",
    "departamento": "Luján de Cuyo",
    "escuela": "4104 – ING. CARLOS FADER",
    "orientacion": "Electromecánica",
    "resultados_multiples": null,
    "resultado": {
      "ies": "PT113 EDISON",
      "direccion": "Gestión Privada - cuota mensual",
      "web": "https://superior.fundacionedison.org.ar/",
      "tecnicatura": "TEC SUP EN ROBÓTICA"
    }
  },
  {
    "region": "ZONA ESTE",
    "departamento": "San Martín",
    "escuela": "4005 – JOSÉFA CAPDEVILA",
    "orientacion": "Alimentos (ETP)",
    "resultados_multiples": null,
    "resultado": {
      "ies": "9021 JUNÍN",
      "direccion": "Sede Arboit",
      "web": "https://ies9021.edu.ar/",
      "tecnicatura": "TEC SUP EN ENOLOGÍA E INDUSTRIAS DE LOS ALIMENTOS"
    }
  },
  {
    "region": "ZONA ESTE",
    "departamento": "San Martín",
    "escuela": "4005 – JOSÉFA CAPDEVILA",
    "orientacion": "Indumentaria Textil",
    "resultados_multiples": null,
    "resultado": {
      "ies": "9001 SAN MARTÍN",
      "direccion": "GJE 100, Chubut, M5570 San Martín",
      "web": "https://ens9001-infd.mendoza.edu.ar/sitio/",
      "tecnicatura": "TEC SUP DE DISEÑO DE INDUMENTARIA, TEXTIL Y ACCESORIOS"
    }
  },
  {
    "region": "ZONA ESTE",
    "departamento": "San Martín",
    "escuela": "4027 – MOISÉS JULIO CHADE",
    "orientacion": "Agropecuaria - Enología",
    "resultados_multiples": null,
    "resultado": {
      "ies": "9021 JUNÍN",
      "direccion": "Sede Arboit",
      "web": "https://ies9021.edu.ar/",
      "tecnicatura": "TEC SUP EN AGRONOMÍA"
    }
  },
  {
    "region": "ZONA ESTE",
    "departamento": "San Martín",
    "escuela": "4027 – MOISÉS JULIO CHADE",
    "orientacion": "Agropecuaria - Enología",
    "resultados_multiples": null,
    "resultado": {
      "ies": "9021 JUNÍN",
      "direccion": "Sede Arboit",
      "web": "https://ies9021.edu.ar/",
      "tecnicatura": "TEC SUP EN ENOLOGÍA E INDUSTRIAS DE LOS ALIMENTOS"
    }
  },
  {
    "region": "ZONA ESTE",
    "departamento": "San Martín",
    "escuela": "4064 – INTENDENTE JUAN KAIRUZ",
    "orientacion": "Construcciones Edilicias",
    "resultados_multiples": null,
    "resultado": {
      "ies": "9030 DEL BICENTENARIO",
      "direccion": "Punta Mogotes 791, M5501 Godoy Cruz",
      "web": "https://institutodelbicentenario-infd.mendoza.edu.ar/sitio/",
      "tecnicatura": "TEC SUP EN DIRECCIÓN DE OBRA Y DISEÑO SISMORRESISTENTE"
    }
  },
  {
    "region": "ZONA ESTE",
    "departamento": "San Martín",
    "escuela": "4120 – TÉCNICA JOSÉ DE SAN MARTÍN",
    "orientacion": "Construcciones Edilicias",
    "resultados_multiples": null,
    "resultado": {
      "ies": "9030 DEL BICENTENARIO",
      "direccion": "Punta Mogotes 791, M5501 Godoy Cruz",
      "web": "https://institutodelbicentenario-infd.mendoza.edu.ar/sitio/",
      "tecnicatura": "TEC SUP EN DIRECCIÓN DE OBRA Y DISEÑO SISMORRESISTENTE"
    }
  },
  {
    "region": "ZONA ESTE",
    "departamento": "San Martín",
    "escuela": "4120 – TÉCNICA JOSÉ DE SAN MARTÍN",
    "orientacion": "Electromecánica",
    "resultados_multiples": null,
    "resultado": {
      "ies": "9019 INSUTEC",
      "direccion": "Sede Rivadavia",
      "web": "https://www.insutec.edu.ar/",
      "tecnicatura": "TEC SUP EN ENERGIAS RENOVABLES"
    }
  },
  {
    "region": "ZONA ESTE",
    "departamento": "San Martín",
    "escuela": "4120 – TÉCNICA JOSÉ DE SAN MARTÍN",
    "orientacion": "Electromecánica",
    "resultados_multiples": null,
    "resultado": {
      "ies": "9021 JUNÍN",
      "direccion": "Barrio 6to CEC   Manzanares S/N – Junín",
      "web": "https://ies9021.edu.ar/",
      "tecnicatura": "TEC SUP EN MECATRÓNICA"
    }
  },
  {
    "region": "ZONA ESTE",
    "departamento": "San Martín",
    "escuela": "4120 – TÉCNICA JOSÉ DE SAN MARTÍN",
    "orientacion": "Mecánica",
    "resultados_multiples": null,
    "resultado": {
      "ies": "9021 JUNÍN",
      "direccion": "Barrio 6to CEC   Manzanares S/N – Junín",
      "web": "https://ies9021.edu.ar/",
      "tecnicatura": "TEC SUP EN MECATRÓNICA"
    }
  },
  {
    "region": "ZONA ESTE",
    "departamento": "San Martín",
    "escuela": "4145 – ARMANDO SERGIO FIGUEROA",
    "orientacion": "Agropecuaria - Frutihortícola",
    "resultados_multiples": null,
    "resultado": {
      "ies": "9021 JUNÍN",
      "direccion": "Sede Arboit",
      "web": "https://ies9021.edu.ar/",
      "tecnicatura": "TEC SUP EN AGRONOMÍA"
    }
  },
  {
    "region": "ZONA ESTE",
    "departamento": "San Martín",
    "escuela": "4145 – ARMANDO SERGIO FIGUEROA",
    "orientacion": "Agropecuaria - Frutihortícola",
    "resultados_multiples": null,
    "resultado": {
      "ies": "9021 JUNÍN",
      "direccion": "Sede Arboit",
      "web": "https://ies9021.edu.ar/",
      "tecnicatura": "TEC SUP EN ENOLOGÍA E INDUSTRIAS DE LOS ALIMENTOS"
    }
  },
  {
    "region": "ZONA ESTE",
    "departamento": "San Martín",
    "escuela": "4213 – HUMBERTO ANTONIO VALESTRA",
    "orientacion": "Industria de Procesos",
    "resultados_multiples": null,
    "resultado": {
      "ies": "9021 JUNÍN",
      "direccion": "Centro Universitario – Junín",
      "web": "https://ies9021.edu.ar/",
      "tecnicatura": "TEC SUP EN FARMACIA"
    }
  },
  {
    "region": "ZONA ESTE",
    "departamento": "San Martín",
    "escuela": "4213 – HUMBERTO ANTONIO VALESTRA",
    "orientacion": "Industria de Procesos",
    "resultados_multiples": null,
    "resultado": {
      "ies": "9019 INSUTEC",
      "direccion": "Sede Rivadavia",
      "web": "https://www.insutec.edu.ar/",
      "tecnicatura": "TEC SUP EN PETRÓLEO Y GAS"
    }
  },
  {
    "region": "ZONA ESTE",
    "departamento": "Rivadavia",
    "escuela": "4119 – SANTA MARÍA DE ORO",
    "orientacion": "Construcciones Edilicias",
    "resultados_multiples": null,
    "resultado": {
      "ies": "9030 DEL BICENTENARIO",
      "direccion": "Punta Mogotes 791, M5501 Godoy Cruz",
      "web": "https://institutodelbicentenario-infd.mendoza.edu.ar/sitio/",
      "tecnicatura": "TEC SUP EN DIRECCIÓN DE OBRA Y DISEÑO SISMORRESISTENTE"
    }
  },
  {
    "region": "ZONA ESTE",
    "departamento": "Rivadavia",
    "escuela": "4119 – SANTA MARÍA DE ORO",
    "orientacion": "Electricidad",
    "resultados_multiples": null,
    "resultado": {
      "ies": "9019 INSUTEC",
      "direccion": "Sede Rivadavia",
      "web": "https://www.insutec.edu.ar/",
      "tecnicatura": "TEC SUP EN ENERGIAS RENOVABLES"
    }
  },
  {
    "region": "ZONA ESTE",
    "departamento": "Rivadavia",
    "escuela": "4119 – SANTA MARÍA DE ORO",
    "orientacion": "Mecánica",
    "resultados_multiples": null,
    "resultado": {
      "ies": "9021 JUNÍN",
      "direccion": "Barrio 6to CEC   Manzanares S/N – Junín",
      "web": "https://ies9021.edu.ar/",
      "tecnicatura": "TEC SUP EN MECATRÓNICA"
    }
  },
  {
    "region": "ZONA ESTE",
    "departamento": "Junín",
    "escuela": "4016 – ING. ANTONIO MARCELO ARBOIT",
    "orientacion": "Electricidad",
    "resultados_multiples": null,
    "resultado": {
      "ies": "9019 INSUTEC",
      "direccion": "Sede Rivadavia",
      "web": "https://www.insutec.edu.ar/",
      "tecnicatura": "TEC SUP EN ENERGIAS RENOVABLES"
    }
  },
  {
    "region": "ZONA ESTE",
    "departamento": "Junín",
    "escuela": "4016 – ING. ANTONIO MARCELO ARBOIT",
    "orientacion": "Industria de Procesos",
    "resultados_multiples": null,
    "resultado": {
      "ies": "9021 JUNÍN",
      "direccion": "Centro Universitario – Junín",
      "web": "https://ies9021.edu.ar/",
      "tecnicatura": "TEC SUP EN FARMACIA"
    }
  },
  {
    "region": "ZONA ESTE",
    "departamento": "Junín",
    "escuela": "4016 – ING. ANTONIO MARCELO ARBOIT",
    "orientacion": "Industria de Procesos",
    "resultados_multiples": null,
    "resultado": {
      "ies": "9019 INSUTEC",
      "direccion": "Sede Rivadavia",
      "web": "https://www.insutec.edu.ar/",
      "tecnicatura": "TEC SUP EN PETRÓLEO Y GAS"
    }
  },
  {
    "region": "ZONA ESTE",
    "departamento": "Junín",
    "escuela": "4055 – PRESBÍTERO CONSTANTINO SPAGNOLO",
    "orientacion": "Electrónica",
    "resultados_multiples": null,
    "resultado": {
      "ies": "9021 JUNÍN",
      "direccion": "Barrio 6to CEC   Manzanares S/N – Junín",
      "web": "https://ies9021.edu.ar/",
      "tecnicatura": "TEC SUP EN MECATRÓNICA"
    }
  },
  {
    "region": "ZONA ESTE",
    "departamento": "Junín",
    "escuela": "4110 – PRESIDENTE NICOLÁS AVELLANEDA",
    "orientacion": "Electricidad",
    "resultados_multiples": null,
    "resultado": {
      "ies": "9019 INSUTEC",
      "direccion": "Sede Rivadavia",
      "web": "https://www.insutec.edu.ar/",
      "tecnicatura": "TEC SUP EN ENERGIAS RENOVABLES"
    }
  },
  {
    "region": "ZONA ESTE",
    "departamento": "Junín",
    "escuela": "4110 – PRESIDENTE NICOLÁS AVELLANEDA",
    "orientacion": "Mecánica",
    "resultados_multiples": null,
    "resultado": {
      "ies": "9021 JUNÍN",
      "direccion": "Barrio 6to CEC   Manzanares S/N – Junín",
      "web": "https://ies9021.edu.ar/",
      "tecnicatura": "TEC SUP EN MECATRÓNICA"
    }
  },
  {
    "region": "VALLE DE UCO",
    "departamento": "Tunuyán",
    "escuela": "4035 – JULIA SILVA DE CEJAS",
    "orientacion": "Agropecuaria - Enología",
    "resultados_multiples": null,
    "resultado": {
      "ies": "9015 IESVU",
      "direccion": "San Martín Norte 418 - La Consulta, San Carlos",
      "web": "https://iesvu.edu.ar/",
      "tecnicatura": "TEC SUP EN AGRONOMÍA"
    }
  },
  {
    "region": "VALLE DE UCO",
    "departamento": "Tunuyán",
    "escuela": "4035 – JULIA SILVA DE CEJAS",
    "orientacion": "Agropecuaria - Enología",
    "resultados_multiples": null,
    "resultado": {
      "ies": "9015 IESVU",
      "direccion": "San Martín Norte 418 - La Consulta, San Carlos",
      "web": "https://iesvu.edu.ar/",
      "tecnicatura": "TEC SUP EN ENOLOGÍA E INDUSTRIAS DE LOS ALIMENTOS"
    }
  },
  {
    "region": "VALLE DE UCO",
    "departamento": "Tunuyán",
    "escuela": "4107 – EJÉRCITO ARGENTINO",
    "orientacion": "Construcciones Edilicias",
    "resultados_multiples": null,
    "resultado": {
      "ies": "9030 DEL BICENTENARIO",
      "direccion": "Punta Mogotes 791, M5501 Godoy Cruz",
      "web": "https://institutodelbicentenario-infd.mendoza.edu.ar/sitio/",
      "tecnicatura": "TEC SUP EN DIRECCIÓN DE OBRA Y DISEÑO SISMORRESISTENTE"
    }
  },
  {
    "region": "VALLE DE UCO",
    "departamento": "Tunuyán",
    "escuela": "4107 – EJÉRCITO ARGENTINO",
    "orientacion": "Electromecánica",
    "resultados_multiples": null,
    "resultado": {
      "ies": "9015 IESVU",
      "direccion": "San Martín Norte 418 - La Consulta, San Carlos",
      "web": "https://iesvu.edu.ar/",
      "tecnicatura": "TEC SUP EN MECATRÓNICA"
    }
  },
  {
    "region": "VALLE DE UCO",
    "departamento": "Tunuyán",
    "escuela": "4203 – COLONIA LAS ROSAS",
    "orientacion": "Hidráulico ",
    "resultados_multiples": null,
    "resultado": {
      "ies": "9015 IESVU",
      "direccion": "Gestión Pública - A DISTANCIA",
      "web": "https://iesvu.edu.ar/",
      "tecnicatura": "TEC SUP EN GESTIÓN INTEGRAL DE RECURSOS HÍDRICOS"
    }
  },
  {
    "region": "VALLE DE UCO",
    "departamento": "San Carlos",
    "escuela": "4123 – INTEGRACIÓN",
    "orientacion": "Electromecánica",
    "resultados_multiples": null,
    "resultado": {
      "ies": "9015 IESVU",
      "direccion": "San Martín Norte 418 - La Consulta, San Carlos",
      "web": "https://iesvu.edu.ar/",
      "tecnicatura": "TEC SUP EN MECATRÓNICA"
    }
  },
  {
    "region": "VALLE DE UCO",
    "departamento": "San Carlos",
    "escuela": "4193 – MARÍA LUISA PÁSCOLO DE BANDIERA",
    "orientacion": "Agropecuaria - Frutihortícola",
    "resultados_multiples": null,
    "resultado": {
      "ies": "9015 IESVU",
      "direccion": "San Martín Norte 418 - La Consulta, San Carlos",
      "web": "https://iesvu.edu.ar/",
      "tecnicatura": "TEC SUP EN AGRONOMÍA"
    }
  },
  {
    "region": "VALLE DE UCO",
    "departamento": "San Carlos",
    "escuela": "4193 – MARÍA LUISA PÁSCOLO DE BANDIERA",
    "orientacion": "Agropecuaria - Frutihortícola",
    "resultados_multiples": null,
    "resultado": {
      "ies": "9015 IESVU",
      "direccion": "San Martín Norte 418 - La Consulta, San Carlos",
      "web": "https://iesvu.edu.ar/",
      "tecnicatura": "TEC SUP EN ENOLOGÍA E INDUSTRIAS DE LOS ALIMENTOS"
    }
  },
  {
    "region": "VALLE DE UCO",
    "departamento": "San Carlos",
    "escuela": "4211 – MAESTRO ÁNGEL OSCAR FUNES",
    "orientacion": "Agropecuaria - Frutihortícola",
    "resultados_multiples": null,
    "resultado": {
      "ies": "9015 IESVU",
      "direccion": "San Martín Norte 418 - La Consulta, San Carlos",
      "web": "https://iesvu.edu.ar/",
      "tecnicatura": "TEC SUP EN AGRONOMÍA"
    }
  },
  {
    "region": "VALLE DE UCO",
    "departamento": "San Carlos",
    "escuela": "4211 – MAESTRO ÁNGEL OSCAR FUNES",
    "orientacion": "Agropecuaria - Frutihortícola",
    "resultados_multiples": null,
    "resultado": {
      "ies": "9015 IESVU",
      "direccion": "San Martín Norte 418 - La Consulta, San Carlos",
      "web": "https://iesvu.edu.ar/",
      "tecnicatura": "TEC SUP EN ENOLOGÍA E INDUSTRIAS DE LOS ALIMENTOS"
    }
  },
  {
    "region": "VALLE DE UCO",
    "departamento": "Tupungato",
    "escuela": "4122 – REPÚBLICA ITALIANA",
    "orientacion": "Químico",
    "resultados_multiples": null,
    "resultado": {
      "ies": "9009 TUPUNGATO",
      "direccion": "Sede Central - Tupungato",
      "web": "https://ies9009-infd.mendoza.edu.ar/",
      "tecnicatura": "TEC SUP EN PETRÓLEO Y GAS"
    }
  },
  {
    "region": "VALLE DE UCO",
    "departamento": "Tupungato",
    "escuela": "4122 – REPÚBLICA ITALIANA",
    "orientacion": "Electromecánica",
    "resultados_multiples": null,
    "resultado": {
      "ies": "9015 IESVU",
      "direccion": "San Martín Norte 418 - La Consulta, San Carlos",
      "web": "https://iesvu.edu.ar/",
      "tecnicatura": "TEC SUP EN MECATRÓNICA"
    }
  },
  {
    "region": "VALLE DE UCO",
    "departamento": "Tupungato",
    "escuela": "4212 – CAMILO CARBALLO",
    "orientacion": "Agropecuaria - Frutihortícola",
    "resultados_multiples": null,
    "resultado": {
      "ies": "9009 TUPUNGATO",
      "direccion": "Sede Central - Tupungato",
      "web": "https://ies9009-infd.mendoza.edu.ar/",
      "tecnicatura": "TEC SUP EN AGRONOMÍA"
    }
  },
  {
    "region": "VALLE DE UCO",
    "departamento": "Tupungato",
    "escuela": "4212 – CAMILO CARBALLO",
    "orientacion": "Agropecuaria - Frutihortícola",
    "resultados_multiples": null,
    "resultado": {
      "ies": "9009 TUPUNGATO",
      "direccion": "Sede Central - Tupungato",
      "web": "https://ies9009-infd.mendoza.edu.ar/",
      "tecnicatura": "TEC SUP EN ENOLOGÍA E INDUSTRIAS DE LOS ALIMENTOS"
    }
  },
  {
    "region": "SUR",
    "departamento": "San Rafael",
    "escuela": "4015 – SEIZO HOSHI",
    "orientacion": "Agropecuaria - Frutihortícola",
    "resultados_multiples": null,
    "resultado": {
      "ies": "9015 IESVU",
      "direccion": "Sede Esc Iselim - San Rafael",
      "web": "https://iesvu.edu.ar/",
      "tecnicatura": "TEC SUP EN AGRONOMÍA"
    }
  },
  {
    "region": "SUR",
    "departamento": "San Rafael",
    "escuela": "4015 – SEIZO HOSHI",
    "orientacion": "Agropecuaria - Tec de la Madera",
    "resultados_multiples": null,
    "resultado": {
      "ies": "9015 IESVU",
      "direccion": "Sede Esc Iselim - San Rafael",
      "web": "https://iesvu.edu.ar/",
      "tecnicatura": "TEC SUP EN AGRONOMÍA"
    }
  },
  {
    "region": "SUR",
    "departamento": "San Rafael",
    "escuela": "4043 – ANTONIO DI BENEDETTO",
    "orientacion": "Agropecuaria - Frutihortícola",
    "resultados_multiples": null,
    "resultado": {
      "ies": "9015 IESVU",
      "direccion": "Sede Esc Iselim - San Rafael",
      "web": "https://iesvu.edu.ar/",
      "tecnicatura": "TEC SUP EN AGRONOMÍA"
    }
  },
  {
    "region": "SUR",
    "departamento": "San Rafael",
    "escuela": "4197 – ING. AGR. JULIO C. GATICA",
    "orientacion": "Agropecuaria - Frutihortícola",
    "resultados_multiples": null,
    "resultado": {
      "ies": "9015 IESVU",
      "direccion": "Sede Esc Iselim - San Rafael",
      "web": "https://iesvu.edu.ar/",
      "tecnicatura": "TEC SUP EN AGRONOMÍA"
    }
  },
  {
    "region": "SUR",
    "departamento": "San Rafael",
    "escuela": "4198 – FRANCISCO GARCÍA",
    "orientacion": "Agropecuaria - Pecuaria",
    "resultados_multiples": null,
    "resultado": {
      "ies": "9015 IESVU",
      "direccion": "Sede Esc Iselim - San Rafael",
      "web": "https://iesvu.edu.ar/",
      "tecnicatura": "TEC SUP EN AGRONOMÍA"
    }
  },
  {
    "region": "SUR",
    "departamento": "San Rafael",
    "escuela": "4239 – CERRO EL SOSNEADO",
    "orientacion": "Agropecuaria - Pecuaria",
    "resultados_multiples": null,
    "resultado": {
      "ies": "9015 IESVU",
      "direccion": "Sede Esc Iselim - San Rafael",
      "web": "https://iesvu.edu.ar/",
      "tecnicatura": "TEC SUP EN AGRONOMÍA"
    }
  },
  {
    "region": "SUR",
    "departamento": "San Rafael",
    "escuela": "4246 – EL CERRITO",
    "orientacion": "Agropecuaria - Frutihortícola",
    "resultados_multiples": null,
    "resultado": {
      "ies": "9015 IESVU",
      "direccion": "Sede Esc Iselim - San Rafael",
      "web": "https://iesvu.edu.ar/",
      "tecnicatura": "TEC SUP EN AGRONOMÍA"
    }
  },
  {
    "region": "SUR",
    "departamento": "San Rafael",
    "escuela": "4004 – MERCEDES ÁLVAREZ DE SEGURA",
    "orientacion": "Alimentos (ETP)",
    "resultados_multiples": null,
    "resultado": {
      "ies": "9015 IESVU",
      "direccion": "Sede Esc Iselim - San Rafael",
      "web": "https://iesvu.edu.ar/",
      "tecnicatura": "TEC SUP EN AGRONOMÍA"
    }
  },
  {
    "region": "SUR",
    "departamento": "San Rafael",
    "escuela": "4004 – MERCEDES ÁLVAREZ DE SEGURA",
    "orientacion": "Indumentaria Textil",
    "resultados_multiples": null,
    "resultado": {
      "ies": "IES ALVEAR",
      "direccion": "Gestión Privada - Tricerri Sur 145, Gral Alvear",
      "web": "https://idesaugacoop.com.ar/",
      "tecnicatura": "TEC SUP EN DISEÑO DE INDUMENTARIA, TEXTIL Y ACCESORIOS"
    }
  },
  {
    "region": "SUR",
    "departamento": "San Rafael",
    "escuela": "4006 – PASCUAL IACCARINI",
    "orientacion": "Agropecuaria - Frutihortícola",
    "resultados_multiples": null,
    "resultado": {
      "ies": "9015 IESVU",
      "direccion": "Sede Esc Iselim - San Rafael",
      "web": "https://iesvu.edu.ar/",
      "tecnicatura": "TEC SUP EN AGRONOMÍA"
    }
  },
  {
    "region": "SUR",
    "departamento": "San Rafael",
    "escuela": "4006 – PASCUAL IACCARINI",
    "orientacion": "Agropecuaria - Enología",
    "resultados_multiples": null,
    "resultado": {
      "ies": "9015 IESVU",
      "direccion": "Sede Esc Iselim - San Rafael",
      "web": "https://iesvu.edu.ar/",
      "tecnicatura": "TEC SUP EN AGRONOMÍA"
    }
  },
  {
    "region": "SUR",
    "departamento": "San Rafael",
    "escuela": "4017 – BERNARDINO IZUEL",
    "orientacion": "Industrias de Procesos",
    "resultados_multiples": null,
    "resultado": {
      "ies": "9012 SAN RAFAEL",
      "direccion": "PAUNERO Y ALMTE BROWN - SAN RAFAEL",
      "web": "https://ies9012.edu.ar/sigeaweb/",
      "tecnicatura": "TEC SUP EN TECNOLOGÍA BIOMÉDICA"
    }
  },
  {
    "region": "SUR",
    "departamento": "San Rafael",
    "escuela": "4021 - MARTÍN GÜEMES",
    "orientacion": "Agropecuaria - Pecuaria",
    "resultados_multiples": null,
    "resultado": {
      "ies": "9015 IESVU",
      "direccion": "Sede Esc Iselim - San Rafael",
      "web": "https://iesvu.edu.ar/",
      "tecnicatura": "TEC SUP EN AGRONOMÍA"
    }
  },
  {
    "region": "SUR",
    "departamento": "San Rafael",
    "escuela": "4044 – ING. FLORENCIO CASALE",
    "orientacion": "Químico",
    "resultados_multiples": null,
    "resultado": {
      "ies": "9012 SAN RAFAEL",
      "direccion": "PAUNERO Y ALMTE BROWN - SAN RAFAEL",
      "web": "https://ies9012.edu.ar/sigeaweb/",
      "tecnicatura": "TEC SUP EN TECNOLOGÍA BIOMÉDICA"
    }
  },
  {
    "region": "SUR",
    "departamento": "San Rafael",
    "escuela": "4063 – LUIS FEDERICO LELOIR",
    "orientacion": "Electrónica",
    "resultados_multiples": null,
    "resultado": {
      "ies": "9012 SAN RAFAEL",
      "direccion": "PAUNERO Y ALMTE BROWN - SAN RAFAEL",
      "web": "https://ies9012.edu.ar/sigeaweb/",
      "tecnicatura": "TEC SUP EN REDES Y CIBERSEGURIDAD"
    }
  },
  {
    "region": "SUR",
    "departamento": "San Rafael",
    "escuela": "4063 – LUIS FEDERICO LELOIR",
    "orientacion": "Electrónica",
    "resultados_multiples": null,
    "resultado": {
      "ies": "9012 SAN RAFAEL",
      "direccion": "PAUNERO Y ALMTE BROWN - SAN RAFAEL",
      "web": "https://ies9012.edu.ar/sigeaweb/",
      "tecnicatura": "TEC SUP EN TECNOLOGÍA BIOMÉDICA"
    }
  },
  {
    "region": "SUR",
    "departamento": "San Rafael",
    "escuela": "4114 – MANUEL BELGRANO",
    "orientacion": "Mecánica",
    "resultados_multiples": null,
    "resultado": {
      "ies": "IES ALVEAR",
      "direccion": "Gestión Privada - Tricerri Sur 145, Gral Alvear",
      "web": "https://idesaugacoop.com.ar/",
      "tecnicatura": "TEC SUP EN MECATRÓNICA"
    }
  },
  {
    "region": "SUR",
    "departamento": "San Rafael",
    "escuela": "4114 – MANUEL BELGRANO",
    "orientacion": "Alimentos (ETP)",
    "resultados_multiples": null,
    "resultado": {
      "ies": "9015 IESVU",
      "direccion": "Sede Esc Iselim - San Rafael",
      "web": "https://iesvu.edu.ar/",
      "tecnicatura": "TEC SUP EN AGRONOMÍA"
    }
  },
  {
    "region": "SUR",
    "departamento": "San Rafael",
    "escuela": "4116 – JUAN PABLO II",
    "orientacion": "Mecánica",
    "resultados_multiples": null,
    "resultado": {
      "ies": "IES ALVEAR",
      "direccion": "Gestión Privada - Tricerri Sur 145, Gral Alvear",
      "web": "https://idesaugacoop.com.ar/",
      "tecnicatura": "TEC SUP EN MECATRÓNICA"
    }
  },
  {
    "region": "SUR",
    "departamento": "San Rafael",
    "escuela": "4117 – EJÉRCITO DE LOS ANDES",
    "orientacion": "Construcciones Edilicias",
    "resultados_multiples": null,
    "resultado": {
      "ies": "9030 DEL BICENTENARIO",
      "direccion": "Punta Mogotes 791, M5501 Godoy Cruz",
      "web": "https://institutodelbicentenario-infd.mendoza.edu.ar/sitio/",
      "tecnicatura": "TEC SUP EN DIRECCIÓN DE OBRA Y DISEÑO SISMORRESISTENTE"
    }
  },
  {
    "region": "SUR",
    "departamento": "San Rafael",
    "escuela": "4117 – EJÉRCITO DE LOS ANDES",
    "orientacion": "Electromecánica",
    "resultados_multiples": null,
    "resultado": {
      "ies": "IES ALVEAR",
      "direccion": "Gestión Privada - Tricerri Sur 145, Gral Alvear",
      "web": "https://idesaugacoop.com.ar/",
      "tecnicatura": "TEC SUP EN MECATRÓNICA"
    }
  },
  {
    "region": "SUR",
    "departamento": "San Rafael",
    "escuela": "4124 – REYNALDO MERIN",
    "orientacion": "Electricidad",
    "resultados_multiples": null,
    "resultado": {
      "ies": "9012 SAN RAFAEL",
      "direccion": "PAUNERO Y ALMTE BROWN - SAN RAFAEL",
      "web": "https://ies9012.edu.ar/sigeaweb/",
      "tecnicatura": "TEC SUP EN TECNOLOGÍA BIOMÉDICA"
    }
  },
  {
    "region": "SUR",
    "departamento": "San Rafael",
    "escuela": "4130 – PROF. JORGE DE LA RETA",
    "orientacion": "Programación",
    "resultados_multiples": null,
    "resultado": {
      "ies": "9012 SAN RAFAEL",
      "direccion": "PAUNERO Y ALMTE BROWN - SAN RAFAEL",
      "web": "https://ies9012.edu.ar/sigeaweb/",
      "tecnicatura": "TEC SUP EN DESARROLLO DE SOFTWARE"
    }
  },
  {
    "region": "SUR",
    "departamento": "San Rafael",
    "escuela": "4246 - EL CERRITO",
    "orientacion": "Agropecuaria - Frutihortícola",
    "resultados_multiples": null,
    "resultado": {
      "ies": "9015 IESVU",
      "direccion": "Sede Esc Iselim - San Rafael",
      "web": "https://iesvu.edu.ar/",
      "tecnicatura": "TEC SUP EN AGRONOMÍA"
    }
  },
  {
    "region": "SUR",
    "departamento": "San Rafael",
    "escuela": "E198 - LAS MALVINAS ANEXO",
    "orientacion": "Agropecuaria - Pecuaria",
    "resultados_multiples": null,
    "resultado": {
      "ies": "IES ALVEAR",
      "direccion": "Gestión Privada - Tricerri Sur 145, Gral Alvear",
      "web": "https://idesaugacoop.com.ar/",
      "tecnicatura": "TEC SUP EN BIOTECNOLOGÍA"
    }
  },
  {
    "region": "SUR",
    "departamento": "Gral Alvear",
    "escuela": "4171 – PRECEPTORA HILDA MABEL CORIA",
    "orientacion": "Agropecuaria - Pecuaria",
    "resultados_multiples": null,
    "resultado": {
      "ies": "IES ALVEAR",
      "direccion": "Gestión Privada - Tricerri Sur 145, Gral Alvear",
      "web": "https://idesaugacoop.com.ar/",
      "tecnicatura": "TEC SUP EN BIOTECNOLOGÍA"
    }
  },
  {
    "region": "SUR",
    "departamento": "Gral Alvear",
    "escuela": "4171 – PRECEPTORA HILDA MABEL CORIA",
    "orientacion": "Agropecuaria - Pecuaria",
    "resultados_multiples": null,
    "resultado": {
      "ies": "9007 CALAFAT",
      "direccion": "Sede Barraquero - Gral. Alvear",
      "web": "https://ies9007-infd.mendoza.edu.ar/sitio/",
      "tecnicatura": "TEC SUP EN AGRONOMÍA"
    }
  },
  {
    "region": "SUR",
    "departamento": "Gral Alvear",
    "escuela": "4105 – ESCUELA TÉCNICA BACHILLER (8105)",
    "orientacion": "Mecánica",
    "resultados_multiples": null,
    "resultado": {
      "ies": "IES ALVEAR",
      "direccion": "Gestión Privada - Tricerri Sur 145, Gral Alvear",
      "web": "https://idesaugacoop.com.ar/",
      "tecnicatura": "TEC SUP EN MECATRÓNICA"
    }
  },
  {
    "region": "SUR",
    "departamento": "Gral Alvear",
    "escuela": "4113 – ING. JORGE BARRAQUERO",
    "orientacion": "Mecánica",
    "resultados_multiples": null,
    "resultado": {
      "ies": "IES ALVEAR",
      "direccion": "Gestión Privada - Tricerri Sur 145, Gral Alvear",
      "web": "https://idesaugacoop.com.ar/",
      "tecnicatura": "TEC SUP EN MECATRÓNICA"
    }
  },
  {
    "region": "SUR",
    "departamento": "Gral Alvear",
    "escuela": "4113 – ING. JORGE BARRAQUERO",
    "orientacion": "Electricidad",
    "resultados_multiples": null,
    "resultado": {
      "ies": "IES ALVEAR",
      "direccion": "Gestión Privada - Tricerri Sur 145, Gral Alvear",
      "web": "https://idesaugacoop.com.ar/",
      "tecnicatura": "TEC SUP EN MECATRÓNICA"
    }
  },
  {
    "region": "SUR",
    "departamento": "Malargüe",
    "escuela": "4191 – DR. DANIEL HUGO PIERINI (Esc. 8191)",
    "orientacion": "Agropecuaria - Pecuaria",
    "resultados_multiples": null,
    "resultado": {
      "ies": "9015 IESVU",
      "direccion": "Gestión Pública - A DISTANCIA",
      "web": "https://iesvu.edu.ar/",
      "tecnicatura": "TEC SUP EN VITICULTURA Y ENOLOGÍA"
    }
  },
  {
    "region": "SUR",
    "departamento": "Malargüe",
    "escuela": "4227 – GUADALUPE DE LA FRONTERA (Esc. 8227)",
    "orientacion": "Agropecuaria - Pecuaria",
    "resultados_multiples": null,
    "resultado": {
      "ies": "9015 IESVU",
      "direccion": "Gestión Pública - A DISTANCIA",
      "web": "https://iesvu.edu.ar/",
      "tecnicatura": "TEC SUP EN VITICULTURA Y ENOLOGÍA"
    }
  },
  {
    "region": "SUR",
    "departamento": "Malargüe",
    "escuela": "4228 – INGENIERO EUGENIO IZSAKY",
    "orientacion": "Electromecánica",
    "resultados_multiples": null,
    "resultado": {
      "ies": "9018 JAQUE ",
      "direccion": "Llancanelo 732, M5613 Malargüe",
      "web": "https://ies9018malargue.edu.ar/",
      "tecnicatura": "TEC SUP EN ENERGIAS RENOVABLES"
    }
  },
  {
    "region": "SUR",
    "departamento": "Malargüe",
    "escuela": "4018 – GRAL. MANUEL NICOLÁS SAVIO",
    "orientacion": "Industrias de Procesos",
    "resultados_multiples": null,
    "resultado": {
      "ies": "9018 JAQUE ",
      "direccion": "Llancanelo 732, M5613 Malargüe",
      "web": "https://ies9018malargue.edu.ar/",
      "tecnicatura": "TEC SUP EN PETRÓLEO Y GAS"
    }
  },
  {
    "region": "SUR",
    "departamento": "Malargüe",
    "escuela": "4018 – GRAL. MANUEL NICOLÁS SAVIO",
    "orientacion": "Minero",
    "resultados_multiples": null,
    "resultado": {
      "ies": "9018 JAQUE ",
      "direccion": "Llancanelo 732, M5613 Malargüe",
      "web": "https://ies9018malargue.edu.ar/",
      "tecnicatura": "TEC SUP EN MINERÍA"
    }
  },
  {
    "region": "GRAN MENDOZA",
    "departamento": "Lavalle",
    "escuela": "4026 – JUAN BAUTISTA ALBERDI",
    "orientacion": "Agropecuaria - Enología",
    "resultados_multiples": null,
    "resultado": {
      "ies": "9024 LAVALLE",
      "direccion": "M. Moreno y A. Fleming, Villa Tulumaya, Lavalle",
      "web": "https://ies9024-infd.mendoza.edu.ar/sitio/",
      "tecnicatura": "TEC SUP EN ENOLOGÍA E INDUSTRIAS DE LOS ALIMENTOS"
    }
  },
  {
    "region": "GRAN MENDOZA",
    "departamento": "Lavalle",
    "escuela": "4026 – JUAN BAUTISTA ALBERDI",
    "orientacion": "Agropecuaria - Enología",
    "resultados_multiples": null,
    "resultado": {
      "ies": "9015 IESVU",
      "direccion": "Gestión Pública - A DISTANCIA",
      "web": "https://iesvu.edu.ar/",
      "tecnicatura": "TEC SUP EN VITICULTURA Y ENOLOGÍA"
    }
  },
  {
    "region": "GRAN MENDOZA",
    "departamento": "Lavalle",
    "escuela": "4160 – TITO FRANCIA",
    "orientacion": "Agropecuaria - Frutihortícola",
    "resultados_multiples": null,
    "resultado": {
      "ies": "9024 LAVALLE",
      "direccion": "M. Moreno y A. Fleming, Villa Tulumaya, Lavalle",
      "web": "https://ies9024-infd.mendoza.edu.ar/sitio/",
      "tecnicatura": "TEC SUP EN ENOLOGÍA E INDUSTRIAS DE LOS ALIMENTOS"
    }
  },
  {
    "region": "GRAN MENDOZA",
    "departamento": "Lavalle",
    "escuela": "4160 – TITO FRANCIA",
    "orientacion": "Agropecuaria - Frutihortícola",
    "resultados_multiples": null,
    "resultado": {
      "ies": "9015 IESVU",
      "direccion": "Gestión Pública - A DISTANCIA",
      "web": "https://iesvu.edu.ar/",
      "tecnicatura": "TEC SUP EN VITICULTURA Y ENOLOGÍA"
    }
  },
  {
    "region": "GRAN MENDOZA",
    "departamento": "Lavalle",
    "escuela": "4161 – JOSÉ MIGUEL GRANEROS",
    "orientacion": "Agropecuaria - Frutihortícola",
    "resultados_multiples": null,
    "resultado": {
      "ies": "9024 LAVALLE",
      "direccion": "M. Moreno y A. Fleming, Villa Tulumaya, Lavalle",
      "web": "https://ies9024-infd.mendoza.edu.ar/sitio/",
      "tecnicatura": "TEC SUP EN ENOLOGÍA E INDUSTRIAS DE LOS ALIMENTOS"
    }
  },
  {
    "region": "GRAN MENDOZA",
    "departamento": "Lavalle",
    "escuela": "4161 – JOSÉ MIGUEL GRANEROS",
    "orientacion": "Agropecuaria - Frutihortícola",
    "resultados_multiples": null,
    "resultado": {
      "ies": "9015 IESVU",
      "direccion": "Gestión Pública - A DISTANCIA",
      "web": "https://iesvu.edu.ar/",
      "tecnicatura": "TEC SUP EN VITICULTURA Y ENOLOGÍA"
    }
  },
  {
    "region": "GRAN MENDOZA",
    "departamento": "Lavalle",
    "escuela": "4185 – ELENA ELVIRA IMAZIO DE CAVAGNOLA",
    "orientacion": "Alimentos (ETP)",
    "resultados_multiples": null,
    "resultado": {
      "ies": "9024 LAVALLE",
      "direccion": "M. Moreno y A. Fleming, Villa Tulumaya, Lavalle",
      "web": "https://ies9024-infd.mendoza.edu.ar/sitio/",
      "tecnicatura": "TEC SUP EN ENOLOGÍA E INDUSTRIAS DE LOS ALIMENTOS"
    }
  },
  {
    "region": "ZONA ESTE",
    "departamento": "La Paz",
    "escuela": "4034 – GALILEO VITALI",
    "orientacion": "Agropecuaria - Enología",
    "resultados_multiples": null,
    "resultado": {
      "ies": "9015 IESVU",
      "direccion": "Gestión Pública - A DISTANCIA",
      "web": "https://iesvu.edu.ar/",
      "tecnicatura": "TEC SUP EN VITICULTURA Y ENOLOGÍA"
    }
  },
  {
    "region": "ZONA ESTE",
    "departamento": "La Paz",
    "escuela": "4034 – GALILEO VITALI",
    "orientacion": "Agropecuaria - Pecuaria",
    "resultados_multiples": null,
    "resultado": {
      "ies": "9015 IESVU",
      "direccion": "Gestión Pública - A DISTANCIA",
      "web": "https://iesvu.edu.ar/",
      "tecnicatura": "TEC SUP EN VITICULTURA Y ENOLOGÍA"
    }
  },
  {
    "region": "ZONA ESTE",
    "departamento": "La Paz",
    "escuela": "4182 – AIDA FONT (Esc. 8182)",
    "orientacion": "Agropecuaria - Pecuaria",
    "resultados_multiples": null,
    "resultado": {
      "ies": "9015 IESVU",
      "direccion": "Gestión Pública - A DISTANCIA",
      "web": "https://iesvu.edu.ar/",
      "tecnicatura": "TEC SUP EN VITICULTURA Y ENOLOGÍA"
    }
  },
  {
    "region": "ZONA ESTE",
    "departamento": "Santa Rosa",
    "escuela": "4081 – ING. FRANCISCO MARTÍN CROCE",
    "orientacion": "Agropecuaria - Frutihortícola",
    "resultados_multiples": null,
    "resultado": {
      "ies": "9015 IESVU",
      "direccion": "San Martín Norte 418 - La Consulta, San Carlos",
      "web": "https://iesvu.edu.ar/",
      "tecnicatura": "TEC SUP EN AGRONOMÍA"
    }
  },
  {
    "region": "ZONA ESTE",
    "departamento": "Santa Rosa",
    "escuela": "4081 – ING. FRANCISCO MARTÍN CROCE",
    "orientacion": "Agropecuaria - Frutihortícola",
    "resultados_multiples": null,
    "resultado": {
      "ies": "9015 IESVU",
      "direccion": "San Martín Norte 418 - La Consulta, San Carlos",
      "web": "https://iesvu.edu.ar/",
      "tecnicatura": "TEC SUP EN ENOLOGÍA E INDUSTRIAS DE LOS ALIMENTOS"
    }
  }
]